id, ÇÃ·§Æû, ÀÌ¸§, ³¯Â¥, url
1,½ºÆÀ,¿ÀÅ©¸¶»çÁö,Jun-22,store.steampowered.com/app/1129540
2,½ºÆÀ,ÀÎÅ¥¹ö½º,Jun-22,store.steampowered.com/app/1973080
3,½ºÆÀ,Escape Dungeon2,Aug-22,store.steampowered.com/app/1309000
4,½ºÆÀ,Hero's Journey,Aug-22,store.steampowered.com/app/2069640
5,½ºÆÀ,HoneySelect2Libido DX,Aug-22,store.steampowered.com/app/1631080
6,½ºÆÀ,Çì·¹ÁîÀÇ Åõ±âÀå,Aug-22,store.steampowered.com/app/1333360
7,½ºÆÀ,Çì·¹ÁîÀÇ Åõ±âÀå2,Aug-22,store.steampowered.com/app/1837230
8,½ºÆÀ,¸ðÇÇ »ç¶û,Aug-22,store.steampowered.com/app/1334590
9,½ºÆÀ,Mirror,Aug-22,store.steampowered.com/app/644560
10,½ºÆÀ,ÄÚÀÌÄ«Ã÷ ÆÄÆ¼ VR,Aug-22,store.steampowered.com/app/1109630
11,½ºÆÀ,Karryn's Prison,Aug-22,store.steampowered.com/app/1619750
12,½ºÆÀ,Mini Treasure Girl,Sep-22,store.steampowered.com/app/1981290
13,½ºÆÀ,Anna bunny,Sep-22,store.steampowered.com/app/1965870
14,½ºÆÀ,University stories,Sep-22,store.steampowered.com/app/1794210
15,½ºÆÀ,Estrus Princess,Sep-22,store.steampowered.com/app/2010870
16,½ºÆÀ,Dark Desire 2,Sep-22,store.steampowered.com/app/1983280
17,½ºÆÀ,Playing with My Brother's Wife,Sep-22,store.steampowered.com/app/2013440
18,½ºÆÀ,Sex Search 2: Ultimate,Sep-22,store.steampowered.com/app/2013640
19,½ºÆÀ,Sexy Furry,Sep-22,store.steampowered.com/app/1896840
20,½ºÆÀ,Quadratic puzzle 5,Sep-22,store.steampowered.com/app/2055440
21,½ºÆÀ,Foot Fetish Fortress VolTitan Vs. The Jundoh Empire Vol.2,Sep-22,store.steampowered.com/app/1965660
22,½ºÆÀ,Memory Puzzle - Futanari Mistress,Sep-22,store.steampowered.com/app/2020270
23,½ºÆÀ,A Match with a Succubus Witch,Sep-22,store.steampowered.com/app/1990830
24,½ºÆÀ,Wife Massage,Sep-22,store.steampowered.com/app/1972920
25,½ºÆÀ,Ticklish Tessa,Sep-22,store.steampowered.com/app/1575070
26,½ºÆÀ,MonGirl Expedition,Sep-22,store.steampowered.com/app/2000570
27,½ºÆÀ,Millie's Adventure,Sep-22,store.steampowered.com/app/2074580
28,½ºÆÀ,Knight Princess Eris,Sep-22,store.steampowered.com/app/1577730
29,½ºÆÀ,My student loves me!,Sep-22,store.steampowered.com/app/1924550
30,½ºÆÀ,Memory Puzzle - Futanari Doctor,Sep-22,store.steampowered.com/app/2051880
31,½ºÆÀ,Hot Milf 7,Sep-22,store.steampowered.com/app/2017490
32,½ºÆÀ,Milf Bar,Sep-22,store.steampowered.com/app/2026440
33,½ºÆÀ,Brain Exam with Benefits 2,Sep-22,store.steampowered.com/app/2018350
34,½ºÆÀ,Cyber Sex,Sep-22,store.steampowered.com/app/2058310
35,½ºÆÀ,Hanaja's Body,Sep-22,store.steampowered.com/app/2065180
36,½ºÆÀ,69 Andariel Hot,Sep-22,store.steampowered.com/app/2063950
37,½ºÆÀ,Oppai Puzzle L,Sep-22,store.steampowered.com/app/2070830
38,½ºÆÀ,Jigsaw Puzzle - Futanari Roomate,Sep-22,store.steampowered.com/app/2067750
39,½ºÆÀ,BDSM Apocalypse,Sep-22,store.steampowered.com/app/1998510
40,½ºÆÀ,Jester`s Theater Museum,Sep-22,store.steampowered.com/app/1844140
41,½ºÆÀ,Whore Dealer¢â an Wet Porn Erotic Puzzle,Sep-22,store.steampowered.com/app/2010790
42,½ºÆÀ,Wet Cute Girls,Sep-22,store.steampowered.com/app/1914100
43,½ºÆÀ,Enter the Cum¢â: an Erotic Porn Sexual Pleasure!,Sep-22,store.steampowered.com/app/1997740
44,½ºÆÀ,Jigsaw Pussy: Hardcore Explicit Sex,Sep-22,store.steampowered.com/app/2051840
45,½ºÆÀ,Neko Girls: Hentai Jigsaw Photo Studio,Sep-22,store.steampowered.com/app/1968110
46,½ºÆÀ,Nazi Furry,Sep-22,store.steampowered.com/app/1985770
47,½ºÆÀ,Two Hot Chicks: an Erotica Porn Space Orgy!,Sep-22,store.steampowered.com/app/2021520
48,½ºÆÀ,Shackles of Ellswyn,Sep-22,store.steampowered.com/app/2019240
49,½ºÆÀ,Jigsaw Puzzle - Futanari Pool Party,Sep-22,store.steampowered.com/app/2104060
50,½ºÆÀ,TITS OKAY TITS FINE MILKSHAKE,Sep-22,store.steampowered.com/app/2018500
51,½ºÆÀ,ENF Novels: Cold Night,Sep-22,store.steampowered.com/app/2052460
52,½ºÆÀ,Memory Puzzle - Futanari Boss,Sep-22,store.steampowered.com/app/2102220
53,½ºÆÀ,Dying Night SEX with ZOMBI,Sep-22,store.steampowered.com/app/1879180
54,½ºÆÀ,Furry Fantasy,Sep-22,store.steampowered.com/app/2015080
55,½ºÆÀ,Å©¸®½º¸¶½º Å¸¿î - ÆÐ¼Ç ·ÔÁö,Sep-22,store.steampowered.com/app/2065240
56,½ºÆÀ,Exiori,Sep-22,store.steampowered.com/app/1959050
57,½ºÆÀ,Umichan Sorani,Sep-22,store.steampowered.com/app/1012330
58,½ºÆÀ,ÇÑ¼Ò³àÀÇ»î,Sep-22,store.steampowered.com/app/1178130
59,½ºÆÀ,Anolock,Sep-22,store.steampowered.com/app/2092240
60,½ºÆÀ,Furry Cyberfucker II,Sep-22,store.steampowered.com/app/2004490
61,½ºÆÀ,Memory Puzzle - Futanari Gym,Sep-22,store.steampowered.com/app/2109880
62,½ºÆÀ,Stalker in black,Sep-22,store.steampowered.com/app/1778950
63,½ºÆÀ,Forever To You!,Sep-22,store.steampowered.com/app/1609010
64,½ºÆÀ,Indecent Desires,Sep-22,store.steampowered.com/app/1153830
65,½ºÆÀ,The Invisible Man's Stealth NTR: Convincing and Inseminating the New Announcer with an Invisible Boner,Oct-22,store.steampowered.com/app/2003590
66,½ºÆÀ,Lewd Life with my Doggy Wife,Oct-22,store.steampowered.com/app/1991480
67,½ºÆÀ,First Sexy Night,Oct-22,store.steampowered.com/app/2060760
68,½ºÆÀ,FURRY HITLER,Oct-22,store.steampowered.com/app/1992370
69,½ºÆÀ,Blood Job,Oct-22,store.steampowered.com/app/1991950
70,½ºÆÀ,Office Harasser,Oct-22,store.steampowered.com/app/2017010
71,½ºÆÀ,Hardcore Cruising: A Sci-Fi Gay Sex Cruise!,Oct-22,store.steampowered.com/app/1748290
72,½ºÆÀ,BOOOOOOOOOOBS,Oct-22,store.steampowered.com/app/2087450
73,½ºÆÀ,Fertile Heroine Seaworthy,Oct-22,store.steampowered.com/app/1987140
74,½ºÆÀ,Maid PizzaHub,Oct-22,store.steampowered.com/app/1986240
75,½ºÆÀ,Furry Orgasm,Oct-22,store.steampowered.com/app/2012540
76,½ºÆÀ,Robin Morningwood Adventure - A gay RPG,Oct-22,store.steampowered.com/app/1457220
77,½ºÆÀ,Idol Hunter : Hentai,Oct-22,store.steampowered.com/app/1916380
78,½ºÆÀ,Hot Cam,Oct-22,store.steampowered.com/app/1663440
79,½ºÆÀ,Summer Pleasure,Oct-22,store.steampowered.com/app/2080240
80,½ºÆÀ,Golden Axe Idol,Oct-22,store.steampowered.com/app/1827950
81,½ºÆÀ,PARADISE CLEANING -Me and my Doctor's life in the hospital-,Oct-22,store.steampowered.com/app/2019260
82,½ºÆÀ,Secret Summer,Oct-22,store.steampowered.com/app/1493730
83,½ºÆÀ,Milf Toys 3,Oct-22,store.steampowered.com/app/2076390
84,½ºÆÀ,¼¶¿äÁ¤,Oct-22,store.steampowered.com/app/2072280
85,½ºÆÀ,Spooky Starlets: Movie Monsters,Oct-22,store.steampowered.com/app/1101580
86,½ºÆÀ,69 Penny Hot,Oct-22,store.steampowered.com/app/2063970
87,½ºÆÀ,Yandere Goddess: A Snatch Made in Heaven,Oct-22,store.steampowered.com/app/2060730
88,½ºÆÀ,After the Inferno,Oct-22,store.steampowered.com/app/2027360
89,½ºÆÀ,My Days In Bel Air,Oct-22,store.steampowered.com/app/1984230
90,½ºÆÀ,Pussies Wrestling Dicks,Oct-22,store.steampowered.com/app/2094780
91,½ºÆÀ,°£È£»ç ÇÏ·½,Oct-22,store.steampowered.com/app/1778320
92,½ºÆÀ,DANGO!,Oct-22,store.steampowered.com/app/1900930
93,½ºÆÀ,Strip 'Em II: Facka's Game,Oct-22,store.steampowered.com/app/1958270
94,½ºÆÀ,Zetria,Oct-22,store.steampowered.com/app/1960920
95,½ºÆÀ,Camp Buddy: Scoutmaster Season,Oct-22,store.steampowered.com/app/1968430
96,½ºÆÀ,Booty Farm,Oct-22,store.steampowered.com/app/1941000
97,½ºÆÀ,OnlyFap Simulator 2,Oct-22,store.steampowered.com/app/2082170
98,½ºÆÀ,Furry Sex: Poker,Oct-22,store.steampowered.com/app/2090150
99,½ºÆÀ,Life Matters - Act I,Oct-22,store.steampowered.com/app/2098760
100,½ºÆÀ,¿¡½ºÅ×¶óÀÇ ¾Ç¸ù: ºÀÀÎµÈ °ø°£°ú ¼­Å¥¹ö½ºÀÇ ÀúÁÖ,Oct-22,store.steampowered.com/app/1925210
101,½ºÆÀ,FreshWomen - Season 1,Oct-22,store.steampowered.com/app/1350650
102,½ºÆÀ,Meltys Quest,Oct-22,store.steampowered.com/app/723090
103,½ºÆÀ,The Elf's Lewd Training,Oct-22,store.steampowered.com/app/1344110
104,½ºÆÀ,¿©¿ÕÀÇ¿µ¿¹,Oct-22,store.steampowered.com/app/1271190
105,½ºÆÀ,¾Ç¸¶¼Ò³à,Oct-22,store.steampowered.com/app/1466180
106,½ºÆÀ,Latex Dungeon,Oct-22,store.steampowered.com/app/1622780
107,½ºÆÀ,Tame It!,Oct-22,store.steampowered.com/app/1706850
108,½ºÆÀ,Anthophobia,Oct-22,store.steampowered.com/app/1142480
109,½ºÆÀ,Muse:Valkiri&Dungeon,Nov-22,store.steampowered.com/app/1930740
110,½ºÆÀ,Love of Magic Book 2: The War,Nov-22,store.steampowered.com/app/1570980
111,½ºÆÀ,Lust Dungeon,Nov-22,store.steampowered.com/app/2079160
112,½ºÆÀ,FURRY CYBERSEX,Nov-22,store.steampowered.com/app/2012620
113,½ºÆÀ,Ody Mos,Nov-22,store.steampowered.com/app/1926800
114,½ºÆÀ,Hentai Lagoon,Nov-22,store.steampowered.com/app/1883200
115,½ºÆÀ,Innocence Or Money - V 0.0.3,Nov-22,store.steampowered.com/app/1958390
116,½ºÆÀ,Sex Adventures - The Office Slut,Nov-22,store.steampowered.com/app/2072780
117,½ºÆÀ,Euryale's Gambit,Nov-22,store.steampowered.com/app/1674180
118,½ºÆÀ,Á»ºñ ½´ÆÃ½ºÅ¸,Nov-22,store.steampowered.com/app/1328000
119,½ºÆÀ,Her New Memory - Hentai Simulator,Nov-22,store.steampowered.com/app/1296770
120,½ºÆÀ,Secret Series : BJ,Nov-22,store.steampowered.com/app/1874770
121,½ºÆÀ,Evenicle,Nov-22,store.steampowered.com/app/955560
122,½ºÆÀ,Rabbit Burn,Nov-22,store.steampowered.com/app/991600
123,½ºÆÀ,HuniePop 2: Double Date,Nov-22,store.steampowered.com/app/930210
124,½ºÆÀ,LEWDAPOCALYPSE Hentai Evil,Nov-22,store.steampowered.com/app/1271710
125,½ºÆÀ,Sweet Shine,Nov-22,store.steampowered.com/app/1636420
126,½ºÆÀ,Seeds of Chaos,Nov-22,store.steampowered.com/app/1205950
127,½ºÆÀ,Shohei's Adult Streaming Channel,Nov-22,store.steampowered.com/app/1387290
